{
  "num_agents": 2,
  "max_model_len": 52480,
  "compact_threshold": 31488,
  "turns_per_agent": 40,
  "warmup_turns": 1,
  "total_requests": 80,
  "warmup_requests": 2,
  "steady_state_requests": 78,
  "wall_time_sec": 688.8296096519916,
  "total_throughput_tok_per_sec": 29.731590676461835,
  "all_requests": {
    "latency_sec": {
      "avg": 17.198523594324797,
      "p50": 16.755598837975413,
      "p95": 17.927279040034044,
      "p99": 38.13631066650269,
      "min": 15.399025569029618,
      "max": 38.13674849399831
    },
    "ttft_sec": {
      "avg": 0.21156690087518654,
      "p50": 0.0,
      "p95": 0.0,
      "p99": 3.554323934703028,
      "min": 0.0,
      "max": 16.925352070014924
    },
    "decode_tok_per_sec": {
      "avg": 19.652537508694493,
      "p50": 15.296356656297736,
      "p95": 16.55243169915348,
      "p99": 91.3104506069381,
      "min": 6.712685535849692,
      "max": 372.2721527068775
    },
    "e2e_tok_per_sec": {
      "avg": 15.180819366461785,
      "p50": 15.278479255005841,
      "p95": 16.497682504584873,
      "p99": 16.603599691088327,
      "min": 6.712685535849692,
      "max": 16.624428529741838
    }
  },
  "steady_state": {
    "latency_sec": {
      "avg": 16.66165313807701,
      "p50": 16.736018494993914,
      "p95": 17.784910496353405,
      "p99": 17.990837496150633,
      "min": 15.399025569029618,
      "max": 18.024877429008484
    },
    "ttft_sec": {
      "avg": 0.21699169320531952,
      "p50": 0.0,
      "p95": 0.0,
      "p99": 3.8928309761035,
      "min": 0.0,
      "max": 16.925352070014924
    },
    "decode_tok_per_sec": {
      "avg": 19.984327334258317,
      "p50": 15.308508273588739,
      "p95": 16.555040172863436,
      "p99": 98.42340509048445,
      "min": 14.202593111008028,
      "max": 372.2721527068775
    },
    "e2e_tok_per_sec": {
      "avg": 15.397949752481182,
      "p50": 15.296356656297736,
      "p95": 16.50330828960736,
      "p99": 16.604127003459304,
      "min": 14.202593111008028,
      "max": 16.624428529741838
    },
    "total_completion_tokens": 19968,
    "total_throughput_tok_per_sec": 29.73159067646184
  },
  "total_prompt_tokens": 1363122,
  "total_completion_tokens": 20480,
  "compact_count": 0,
  "multimodal_count": 16,
  "approx_cache_hit_rate": 0.99,
  "environment": {
    "timestamp": "2026-07-02T02:53:03+0800",
    "platform": "linux",
    "pytorch_version": "2.10.0+cu128",
    "pytorch_cuda_version": "12.8",
    "cuda_available": true,
    "gpu_name": "Tesla V100-PCIE-32GB",
    "gpu_compute_capability": "7.0",
    "gpu_total_memory_mb": 32494,
    "nvidia_smi": {
      "name": "Tesla V100-PCIE-32GB",
      "driver_version": "580.159.04",
      "memory_total_mb": 32768,
      "compute_capability": "7.0"
    }
  },
  "benchmark_config": {
    "endpoint": "http://127.0.0.1:8000",
    "model": "qwen3.6-27b-awq",
    "num_agents": 2,
    "max_model_len": 52480,
    "shared_prefix_tokens": 23616,
    "turns_per_agent": 40,
    "max_tokens": 256,
    "compact_ratio": 0.6,
    "warmup_turns": 1
  }
}