{
  "num_agents": 4,
  "max_model_len": 51744,
  "compact_threshold": 31046,
  "turns_per_agent": 35,
  "total_requests": 140,
  "wall_time_sec": 4396.098785013019,
  "total_throughput_tok_per_sec": 7.624487446521459,
  "avg_latency_sec": 97.97172884543751,
  "p95_latency_sec": 138.0202971363382,
  "avg_ttft_sec": 73.61520929791857,
  "avg_tok_per_sec": 12.192435584770433,
  "total_prompt_tokens": 2632562,
  "total_completion_tokens": 33518,
  "compact_count": 4,
  "multimodal_count": 27,
  "approx_cache_hit_rate": 0.99
}